Crypto,Message ID,Retweet Count,Favorite Count,sentiment,classification
CHSB,1.1677561676282033e+18,2.0,0.0,0.23966666666666667,pos
CRPT,1.1703462014390083e+18,0.7272727272727273,1.2727272727272727,0.15939090909090908,pos
DROP,1.1706211538444708e+18,0.25,0.5,-0.34162499999999996,neg
EDO,1.1704542442662932e+18,0.0,0.0,0.0,neu
ETH,1.1706977059820326e+18,579.0,0.0,0.4758,pos
MCO,1.1703678467446362e+18,0.0,0.0,0.13486666666666666,pos
NEXO,1.1703218827232865e+18,2.625,0.375,0.119175,pos
